,quarterbacks
0,"['2001', 'shaun-hill-1']"
1,"['2001', 'chris-rix-1']"
2,"['2001', 'adrian-mcpherson-1']"
3,"['2001', 'ronald-curry-1']"
4,"['2001', 'darian-durant-1']"
5,"['2001', 'aaron-leak-1']"
6,"['2001', 'george-godsey-1']"
7,"['2001', 'andy-hall-1']"
8,"['2001', 'woodrow-dantzler-1']"
9,"['2001', 'willie-simmons-1']"
10,"['2001', 'matt-schell-1']"
11,"['2001', 'philip-rivers-1']"
12,"['2001', 'olin-hannum-1']"
13,"['2001', 'james-macpherson-1']"
14,"['2001', 'matt-schaub-1']"
15,"['2001', 'bryson-spinner-1']"
16,"['2001', 'd-bryant-1']"
17,"['2001', 'adam-smith-1']"
18,"['2001', 'chris-wispelway-1']"
19,"['2001', 'craig-ochs-1']"
20,"['2001', 'bobby-pesavento-1']"
21,"['2001', 'robert-hodge-1']"
22,"['2001', 'eric-crouch-1']"
23,"['2001', 'jammal-lord-1']"
24,"['2001', 'joe-chrisman-1']"
25,"['2001', 'brett-lindstrom-1']"
26,"['2001', 'seneca-wallace-1']"
27,"['2001', 'cris-love-1']"
28,"['2001', 'gerrin-scott-1']"
29,"['2001', 'ell-roberson-1']"
30,"['2001', 'marc-dunn-1']"
31,"['2001', 'jeremy-milne-1']"
32,"['2001', 'kirk-farmer-1']"
33,"['2001', 'jim-dougherty-1']"
34,"['2001', 'mario-kinsey-1']"
35,"['2001', 'zach-dyer-1']"
36,"['2001', 'jonas-weatherbie-1']"
37,"['2001', 'chris-simms-1']"
38,"['2001', 'major-applewhite-1']"
39,"['2001', 'chance-mock-1']"
40,"['2001', 'beau-trahan-1']"
41,"['2001', 'nate-hybl-1']"
42,"['2001', 'jason-white-1']"
43,"['2001', 'hunter-wall-1']"
44,"['2001', 'mark-farris-1']"
45,"['2001', 'vance-smith-1']"
46,"['2001', 'kliff-kingsbury-1']"
47,"['2001', 'bj-symons-1']"
48,"['2001', 'aso-pogi-1']"
49,"['2001', 'josh-fields-1']"
50,"['2001', 'greg-cicero-1']"
51,"['2001', 'josh-zachry-1']"
52,"['2001', 'aaron-karas-1']"
53,"['2001', 'davon-vinson-1']"
54,"['2001', 'guy-tomcheck-1']"
55,"['2001', 'ken-dorsey-1']"
56,"['2001', 'derrick-crudup-1']"
57,"['2001', 'rj-anderson-1']"
58,"['2001', 'troy-nunes-1']"
59,"['2001', 'brian-st-pierre-1']"
60,"['2001', 'quinton-porter-1']"
61,"['2001', 'eric-boatwright-1']"
62,"['2001', 'grant-noel-1']"
63,"['2001', 'bryan-randall-1']"
64,"['2001', 'jason-davis-3']"
65,"['2001', 'david-priestley-1']"
66,"['2001', 'rod-rutherford-1']"
67,"['2001', 'pat-hoderny-1']"
68,"['2001', 'mike-mcgann-1']"
69,"['2001', 'mac-devito-1']"
70,"['2001', 'devin-scott-1']"
71,"['2001', 'brad-lewis-1']"
72,"['2001', 'rasheed-marshall-1']"
73,"['2001', 'ryan-cubit-1']"
74,"['2001', 'ted-trump-1']"
75,"['2001', 'kurt-kittner-1']"
76,"['2001', 'dustin-ward-1']"
77,"['2001', 'john-navarre-1']"
78,"['2001', 'spencer-brinton-1']"
79,"['2001', 'steve-bellisari-1']"
80,"['2001', 'craig-krenzel-1']"
81,"['2001', 'scott-mcmullen-1']"
82,"['2001', 'kyle-mccann-1']"
83,"['2001', 'brad-banks-1']"
84,"['2001', 'kyle-orton-1']"
85,"['2001', 'brandon-hance-1']"
86,"['2001', 'mike-rhinehart-1']"
87,"['2001', 'antwaan-randle-el-1']"
88,"['2001', 'tommy-jones-1']"
89,"['2001', 'gibran-hamdan-1']"
90,"['2001', 'zack-mills-1']"
91,"['2001', 'matt-senneca-1']"
92,"['2001', 'jeff-smoker-1']"
93,"['2001', 'ryan-van-dyke-1']"
94,"['2001', 'damon-dowdell-1']"
95,"['2001', 'brooks-bollinger-1']"
96,"['2001', 'jim-sorgi-1']"
97,"['2001', 'matt-schabert-1']"
98,"['2001', 'asad-abdul-khaliq-1']"
99,"['2001', 'travis-cole-1']"
100,"['2001', 'zak-kustok-1']"
101,"['2001', 'tony-stauss-1']"
102,"['2001', 'dave-ragone-1']"
103,"['2001', 'stefan-lefors-1']"
104,"['2001', 'gino-guidugli-1']"
105,"['2001', 'adam-hoover-1']"
106,"['2001', 'luis-gonzalez-1']"
107,"['2001', 'david-garrard-1']"
108,"['2001', 'paul-troth-1']"
109,"['2001', 'jeff-aaron-1']"
110,"['2001', 'thomas-cox-1']"
111,"['2001', 'jeff-kelly-1']"
112,"['2001', 'micky-dangelo-1']"
113,"['2001', 'zac-white-1']"
114,"['2001', 'casey-printers-1']"
115,"['2001', 'sean-stilley-1']"
116,"['2001', 'zack-moore-1']"
117,"['2001', 'danny-wimprine-1']"
118,"['2001', 'neil-suber-1']"
119,"['2001', 'scott-scherer-1']"
120,"['2001', 'chad-jenkins-1']"
121,"['2001', 'curtis-zervic-1']"
122,"['2001', 'reggie-nevels-1']"
123,"['2001', 'patrick-ramsey-1']"
124,"['2001', 'jp-losman-1']"
125,"['2001', 'marquel-blackwell-1']"
126,"['2001', 'ronnie-banks-1']"
127,"['2001', 'kevin-patullo-1']"
128,"['2001', 'ryan-schneider-1']"
129,"['2001', 'brian-miller-1']"
130,"['2001', 'jon-rivera-1']"
131,"['2001', 'jose-fuentes-1']"
132,"['2001', 'jeff-crosbie-1']"
133,"['2001', 'travis-cox-1']"
134,"['2001', 'brian-madden-1']"
135,"['2001', 'craig-candeto-1']"
136,"['2001', 'byron-leftwich-1']"
137,"['2001', 'stan-hill-1']"
138,"['2001', 'ben-roethlisberger-1']"
139,"['2001', 'ryan-hawk-1']"
140,"['2001', 'andy-sahm-1']"
141,"['2001', 'josh-harris-2']"
142,"['2001', 'joshua-cribbs-1']"
143,"['2001', 'jeff-valentino-1']"
144,"['2001', 'ben-mcdaniels-1']"
145,"['2001', 'charlie-frye-1']"
146,"['2001', 'ryan-uhlenhake-1']"
147,"['2001', 'micah-faler-1']"
148,"['2001', 'joe-freedy-1']"
149,"['2001', 'randall-secky-1']"
150,"['2001', 'dontrell-jackson-1']"
151,"['2001', 'fred-ray-1']"
152,"['2001', 'tavares-bolden-1']"
153,"['2001', 'brian-jones-2']"
154,"['2001', 'chris-finlen-1']"
155,"['2001', 'talmadge-hill-1']"
156,"['2001', 'brian-conn-1']"
157,"['2001', 'andy-roesch-1']"
158,"['2001', 'jeff-welsh-1']"
159,"['2001', 'ryan-harris-2']"
160,"['2001', 'derrick-vickers-1']"
161,"['2001', 'derek-gorney-1']"
162,"['2001', 'kainoa-akina-1']"
163,"['2001', 'troy-edwards-1']"
164,"['2001', 'jeff-crooks-1']"
165,"['2001', 'collin-carey-1']"
166,"['2001', 'brandon-doman-1']"
167,"['2001', 'charlie-peterson-1']"
168,"['2001', 'todd-mortensen-1']"
169,"['2001', 'bradlee-van-pelt-1']"
170,"['2001', 'dj-busch-1']"
171,"['2001', 'lance-rice-1']"
172,"['2001', 'ryan-breska-1']"
173,"['2001', 'casey-kelly-1']"
174,"['2001', 'rudy-caamano-1']"
175,"['2001', 'keith-boyea-1']"
176,"['2001', 'chance-harridge-1']"
177,"['2001', 'jason-thomas-1']"
178,"['2001', 'kurt-nantkes-1']"
179,"['2001', 'lon-sheriff-1']"
180,"['2001', 'adam-hall-1']"
181,"['2001', 'jon-stoner-1']"
182,"['2001', 'danny-armstrong-1']"
183,"['2001', 'casey-bramlet-1']"
184,"['2001', 'jj-raterink-1']"
185,"['2001', 'joey-harrington-1']"
186,"['2001', 'jason-fife-1']"
187,"['2001', 'jason-gesser-1']"
188,"['2001', 'matt-kegel-1']"
189,"['2001', 'tali-ena-1']"
190,"['2001', 'randy-fasani-1']"
191,"['2001', 'chris-lewis-1']"
192,"['2001', 'cody-pickett-1']"
193,"['2001', 'taylor-barton-1']"
194,"['2001', 'carson-palmer-1']"
195,"['2001', 'matt-cassel-1']"
196,"['2001', 'cory-paus-1']"
197,"['2001', 'scott-mcewan-1']"
198,"['2001', 'ryan-mccann-1']"
199,"['2001', 'jonathan-smith-2']"
200,"['2001', 'derek-anderson-1']"
201,"['2001', 'nick-stremick-1']"
202,"['2001', 'jason-johnson-2']"
203,"['2001', 'john-rattay-1']"
204,"['2001', 'cliff-watkins-1']"
205,"['2001', 'jeff-krohn-1']"
206,"['2001', 'andrew-walter-1']"
207,"['2001', 'matt-cooper-1']"
208,"['2001', 'kyle-boller-1']"
209,"['2001', 'eric-holtfreter-1']"
210,"['2001', 'reggie-robertson-1']"
211,"['2001', 'casey-clausen-1']"
212,"['2001', 'joey-mathews-1']"
213,"['2001', 'rex-grossman-1']"
214,"['2001', 'brock-berlin-1']"
215,"['2001', 'jeff-creveling-1']"
216,"['2001', 'phil-petty-1']"
217,"['2001', 'corey-jenkins-1']"
218,"['2001', 'dondrial-pinkins-1']"
219,"['2001', 'erik-kimrey-1']"
220,"['2001', 'david-greene-1']"
221,"['2001', 'cory-phillips-1']"
222,"['2001', 'jared-lorenzen-1']"
223,"['2001', 'shane-boyd-1']"
224,"['2001', 'greg-zolman-1']"
225,"['2001', 'tim-olmstead-1']"
226,"['2001', 'benji-walker-1']"
227,"['2001', 'rohan-davey-1']"
228,"['2001', 'matt-mauck-1']"
229,"['2001', 'marcus-randall-1']"
230,"['2001', 'jason-campbell-1']"
231,"['2001', 'daniel-cobb-1']"
232,"['2001', 'jeff-klein-1']"
233,"['2001', 'eli-manning-1']"
234,"['2001', 'david-morris-1']"
235,"['2001', 'andrew-zow-1']"
236,"['2001', 'tyler-watts-1']"
237,"['2001', 'jonathan-richey-1']"
238,"['2001', 'zak-clark-1']"
239,"['2001', 'ryan-sorahan-1']"
240,"['2001', 'matt-jones-1']"
241,"['2001', 'tarvaris-jackson-1']"
242,"['2001', 'wayne-madkin-1']"
243,"['2001', 'kevin-fant-1']"
244,"['2001', 'wes-counts-1']"
245,"['2001', 'jason-johnson-4']"
246,"['2001', 'lance-phillips-1']"
247,"['2001', 'scott-hall-1']"
248,"['2001', 'richard-bridges-1']"
249,"['2001', 'kc-enzminger-1']"
250,"['2001', 'buck-pierce-1']"
251,"['2001', 'temon-wallace-1']"
252,"['2001', 'elliot-jacobs-1']"
253,"['2001', 'josh-driscoll-1']"
254,"['2001', 'tommy-miller-1']"
255,"['2001', 'andy-chance-1']"
256,"['2001', 'andre-vige-1']"
257,"['2001', 'daniel-peterson-1']"
258,"['2001', 'john-welsh-1']"
259,"['2001', 'brian-lindgren-1']"
260,"['2001', 'luke-mccown-1']"
261,"['2001', 'maxie-causey-1']"
262,"['2001', 'david-carr-1']"
263,"['2001', 'ryan-dinwiddie-1']"
264,"['2001', 'bj-rhode-1']"
265,"['2001', 'michael-sanford-1']"
266,"['2001', 'nick-rolovich-1']"
267,"['2001', 'timmy-chang-1']"
268,"['2001', 'jared-flint-1']"
269,"['2001', 'shawn-withy-allen-1']"
270,"['2001', 'kyle-herm-1']"
271,"['2001', 'greg-henderson-1']"
272,"['2001', 'david-page-1']"
273,"['2001', 'kelan-luker-1']"
274,"['2001', 'david-neill-1']"
275,"['2001', 'zack-threadgill-1']"
276,"['2001', 'marcus-arroyo-1']"
277,"['2001', 'clint-carlson-1']"
278,"['2001', 'brennan-crooks-1']"
279,"['2001', 'wesley-phillips-1']"
280,"['2001', 'jon-schaper-1']"
281,"['2001', 'omar-duarte-1']"
282,"['2001', 'gerred-lunnon-1']"
283,"['2001', 'josh-blankenship-1']"
284,"['2001', 'tyler-gooch-1']"
285,"['2001', 'james-kilian-1']"
286,"['2002', 'chris-rix-1']"
287,"['2002', 'adrian-mcpherson-1']"
288,"['2002', 'fabian-walker-1']"
289,"['2002', 'scott-mcbrien-1']"
290,"['2002', 'orlando-evans-1']"
291,"['2002', 'matt-schaub-1']"
292,"['2002', 'marques-hagans-1']"
293,"['2002', 'philip-rivers-1']"
294,"['2002', 'jay-davis-1']"
295,"['2002', 'chris-young-2']"
296,"['2002', 'willie-simmons-1']"
297,"['2002', 'charlie-whitehurst-1']"
298,"['2002', 'aj-suggs-1']"
299,"['2002', 'brian-camp-1']"
300,"['2002', 'james-macpherson-1']"
301,"['2002', 'cory-randolph-1']"
302,"['2002', 'darian-durant-1']"
303,"['2002', 'cj-stephens-1']"
304,"['2002', 'matt-baker-1']"
305,"['2002', 'adam-smith-1']"
306,"['2002', 'chris-dapolito-1']"
307,"['2002', 'chris-wispelway-1']"
308,"['2002', 'robert-hodge-1']"
309,"['2002', 'craig-ochs-1']"
310,"['2002', 'joel-klatt-1']"
311,"['2002', 'ell-roberson-1']"
312,"['2002', 'marc-dunn-1']"
313,"['2002', 'jeff-schwinn-1']"
314,"['2002', 'seneca-wallace-1']"
315,"['2002', 'cris-love-1']"
316,"['2002', 'jammal-lord-1']"
317,"['2002', 'joe-chrisman-1']"
318,"['2002', 'brad-smith-1']"
319,"['2002', 'kirk-farmer-1']"
320,"['2002', 'bill-whittemore-1']"
321,"['2002', 'zach-dyer-1']"
322,"['2002', 'brian-luke-1']"
323,"['2002', 'jonas-weatherbie-1']"
324,"['2002', 'nate-hybl-1']"
325,"['2002', 'jason-white-1']"
326,"['2002', 'paul-thompson-1']"
327,"['2002', 'chris-simms-1']"
328,"['2002', 'chance-mock-1']"
329,"['2002', 'beau-trahan-1']"
330,"['2002', 'josh-fields-1']"
331,"['2002', 'aso-pogi-1']"
332,"['2002', 'michael-cox-2']"
333,"['2002', 'kliff-kingsbury-1']"
334,"['2002', 'bj-symons-1']"
335,"['2002', 'sonny-cumbie-1']"
336,"['2002', 'cody-hodges-1']"
337,"['2002', 'dustin-long-1']"
338,"['2002', 'reggie-mcneal-1']"
339,"['2002', 'mark-farris-1']"
340,"['2002', 'aaron-karas-1']"
341,"['2002', 'greg-cicero-1']"
342,"['2002', 'josh-zachry-1']"
343,"['2002', 'guy-tomcheck-1']"
344,"['2002', 'ken-dorsey-1']"
345,"['2002', 'derrick-crudup-1']"
346,"['2002', 'marc-guillon-1']"
347,"['2002', 'rasheed-marshall-1']"
348,"['2002', 'danny-embick-1']"
349,"['2002', 'rod-rutherford-1']"
350,"['2002', 'tyler-palko-1']"
351,"['2002', 'bryan-randall-1']"
352,"['2002', 'grant-noel-1']"
353,"['2002', 'will-hunt-1']"
354,"['2002', 'brian-st-pierre-1']"
355,"['2002', 'quinton-porter-1']"
356,"['2002', 'rj-anderson-1']"
357,"['2002', 'troy-nunes-1']"
358,"['2002', 'xzavier-gaines-1']"
359,"['2002', 'mike-mcgann-1']"
360,"['2002', 'mike-frost-1']"
361,"['2002', 'ryan-hart-1']"
362,"['2002', 'ted-trump-1']"
363,"['2002', 'ryan-cubit-1']"
364,"['2002', 'craig-krenzel-1']"
365,"['2002', 'scott-mcmullen-1']"
366,"['2002', 'jim-otis-1']"
367,"['2002', 'brad-banks-1']"
368,"['2002', 'nathan-chandler-1']"
369,"['2002', 'john-navarre-1']"
370,"['2002', 'spencer-brinton-1']"
371,"['2002', 'zack-mills-1']"
372,"['2002', 'michael-robinson-1']"
373,"['2002', 'chris-ganter-1']"
374,"['2002', 'kyle-orton-1']"
375,"['2002', 'brandon-kirsch-1']"
376,"['2002', 'mike-rhinehart-1']"
377,"['2002', 'jon-beutjer-1']"
378,"['2002', 'dustin-ward-1']"
379,"['2002', 'brooks-bollinger-1']"
380,"['2002', 'jim-sorgi-1']"
381,"['2002', 'damon-dowdell-1']"
382,"['2002', 'jeff-smoker-1']"
383,"['2002', 'gibran-hamdan-1']"
384,"['2002', 'tommy-jones-1']"
385,"['2002', 'brett-basanez-1']"
386,"['2002', 'tony-stauss-1']"
387,"['2002', 'alexander-webb-1']"
388,"['2002', 'sean-stilley-1']"
389,"['2002', 'tye-gunn-1']"
390,"['2002', 'zack-moore-1']"
391,"['2002', 'gino-guidugli-1']"
392,"['2002', 'john-leonard-1']"
393,"['2002', 'dave-ragone-1']"
394,"['2002', 'stefan-lefors-1']"
395,"['2002', 'micky-dangelo-1']"
396,"['2002', 'dustin-almond-1']"
397,"['2002', 'jp-losman-1']"
398,"['2002', 'derrick-joseph-1']"
399,"['2002', 'darrell-hackney-1']"
400,"['2002', 'thomas-cox-1']"
401,"['2002', 'paul-troth-1']"
402,"['2002', 'desmond-robinson-1']"
403,"['2002', 'nick-eddy-1']"
404,"['2002', 'barrick-nealy-1']"
405,"['2002', 'torrence-botts-1']"
406,"['2002', 'danny-wimprine-1']"
407,"['2002', 'jeff-hilliard-1']"
408,"['2002', 'zac-dahman-1']"
409,"['2002', 'reggie-nevels-1']"
410,"['2002', 'matt-silva-1']"
411,"['2002', 'laron-bybee-1']"
412,"['2002', 'connor-crehan-1']"
413,"['2002', 'marquel-blackwell-1']"
414,"['2002', 'ronnie-banks-1']"
415,"['2002', 'david-mullins-1']"
416,"['2002', 'pat-dillingham-1']"
417,"['2002', 'dan-novakov-1']"
418,"['2002', 'dan-orlovsky-1']"
419,"['2002', 'jermell-williams-1']"
420,"['2002', 'jeff-larson-1']"
421,"['2002', 'hansell-bearden-1']"
422,"['2002', 'matt-ray-1']"
423,"['2002', 'kacson-maddox-1']"
424,"['2002', 'josh-russell-1']"
425,"['2002', 'jose-fuentes-1']"
426,"['2002', 'jeff-crosbie-1']"
427,"['2002', 'travis-cox-1']"
428,"['2002', 'byron-leftwich-1']"
429,"['2002', 'stan-hill-1']"
430,"['2002', 'ryan-schneider-1']"
431,"['2002', 'jon-rivera-1']"
432,"['2002', 'brian-miller-1']"
433,"['2002', 'ben-roethlisberger-1']"
434,"['2002', 'josh-betts-1']"
435,"['2002', 'jd-vonderheide-1']"
436,"['2002', 'fred-ray-1']"
437,"['2002', 'dontrell-jackson-1']"
438,"['2002', 'charlie-frye-1']"
439,"['2002', 'micah-faler-1']"
440,"['2002', 'joshua-cribbs-1']"
441,"['2002', 'darryl-polk-1']"
442,"['2002', 'randall-secky-1']"
443,"['2002', 'michael-radon-1']"
444,"['2002', 'ryan-gilbert-3']"
445,"['2002', 'brian-jones-2']"
446,"['2002', 'cedric-stevens-1']"
447,"['2002', 'bruce-gradkowski-1']"
448,"['2002', 'josh-harris-2']"
449,"['2002', 'andy-sahm-1']"
450,"['2002', 'andy-roesch-1']"
451,"['2002', 'talmadge-hill-1']"
452,"['2002', 'chad-munson-1']"
453,"['2002', 'blayne-baggett-1']"
454,"['2002', 'derrick-vickers-1']"
455,"['2002', 'kent-smith-1']"
456,"['2002', 'derek-gorney-1']"
457,"['2002', 'grant-arnoldink-1']"
458,"['2002', 'troy-edwards-1']"
459,"['2002', 'jeff-crooks-1']"
460,"['2002', 'chinedu-okoro-1']"
461,"['2002', 'bradlee-van-pelt-1']"
462,"['2002', 'justin-holland-1']"
463,"['2002', 'casey-kelly-1']"
464,"['2002', 'justin-millea-1']"
465,"['2002', 'kole-mckamey-1']"
466,"['2002', 'chance-harridge-1']"
467,"['2002', 'brad-baca-1']"
468,"['2002', 'adam-hall-1']"
469,"['2002', 'lon-sheriff-1']"
470,"['2002', 'jason-thomas-1']"
471,"['2002', 'kurt-nantkes-1']"
472,"['2002', 'brett-elliott-1']"
473,"['2002', 'lance-rice-1']"
474,"['2002', 'alex-smith-3']"
475,"['2002', 'bret-engemann-1']"
476,"['2002', 'matt-berry-1']"
477,"['2002', 'todd-mortensen-1']"
478,"['2002', 'casey-bramlet-1']"
479,"['2002', 'corey-bramlet-1']"
480,"['2002', 'carson-palmer-1']"
481,"['2002', 'matt-cassel-1']"
482,"['2002', 'jason-gesser-1']"
483,"['2002', 'matt-kegel-1']"
484,"['2002', 'chris-hurd-2']"
485,"['2002', 'andrew-walter-1']"
486,"['2002', 'chad-christensen-1']"
487,"['2002', 'andy-goodenough-1']"
488,"['2002', 'derek-anderson-1']"
489,"['2002', 'adam-rothenfluh-1']"
490,"['2002', 'drew-olson-1']"
491,"['2002', 'cory-paus-1']"
492,"['2002', 'matt-moore-1']"
493,"['2002', 'john-sciarra-1']"
494,"['2002', 'kyle-boller-1']"
495,"['2002', 'reggie-robertson-1']"
496,"['2002', 'cody-pickett-1']"
497,"['2002', 'taylor-barton-1']"
498,"['2002', 'jason-fife-1']"
499,"['2002', 'kellen-clemens-1']"
500,"['2002', 'scott-vossmeyer-1']"
501,"['2002', 'jason-johnson-2']"
502,"['2002', 'nic-costa-1']"
503,"['2002', 'chris-lewis-1']"
504,"['2002', 'kyle-matter-1']"
505,"['2002', 'ryan-eklund-1']"
506,"['2002', 'david-greene-1']"
507,"['2002', 'dj-shockley-1']"
508,"['2002', 'cory-phillips-1']"
509,"['2002', 'rex-grossman-1']"
510,"['2002', 'ingle-martin-1']"
511,"['2002', 'casey-clausen-1']"
512,"['2002', 'james-banks-1']"
513,"['2002', 'cj-leak-1']"
514,"['2002', 'jared-lorenzen-1']"
515,"['2002', 'shane-boyd-1']"
516,"['2002', 'dan-lumley-1']"
517,"['2002', 'corey-jenkins-1']"
518,"['2002', 'dondrial-pinkins-1']"
519,"['2002', 'erik-kimrey-1']"
520,"['2002', 'jay-cutler-1']"
521,"['2002', 'benji-walker-1']"
522,"['2002', 'tyler-watts-1']"
523,"['2002', 'brodie-croyle-1']"
524,"['2002', 'spencer-pennington-1']"
525,"['2002', 'matt-jones-1']"
526,"['2002', 'tarvaris-jackson-1']"
527,"['2002', 'ryan-sorahan-1']"
528,"['2002', 'dowell-loggains-1']"
529,"['2002', 'daniel-cobb-1']"
530,"['2002', 'jason-campbell-1']"
531,"['2002', 'matt-mauck-1']"
532,"['2002', 'marcus-randall-1']"
533,"['2002', 'rick-clausen-1']"
534,"['2002', 'eli-manning-1']"
535,"['2002', 'david-morris-1']"
536,"['2002', 'chad-pilcher-1']"
537,"['2002', 'kevin-fant-1']"
538,"['2002', 'kyle-york-1']"
539,"['2002', 'andrew-smith-3']"
540,"['2002', 'scott-hall-1']"
541,"['2002', 'buck-pierce-1']"
542,"['2002', 'carl-scaffidi-1']"
543,"['2002', 'elliot-jacobs-1']"
544,"['2002', 'josh-driscoll-1']"
545,"['2002', 'tommy-miller-1']"
546,"['2002', 'andrico-hines-1']"
547,"['2002', 'andre-green-1']"
548,"['2002', 'josh-harris-1']"
549,"['2002', 'steven-jyles-1']"
550,"['2002', 'daniel-daprato-1']"
551,"['2002', 'kjell-nesen-1']"
552,"['2002', 'brian-lindgren-1']"
553,"['2002', 'adam-mallette-1']"
554,"['2002', 'michael-harrington-1']"
555,"['2002', 'ryan-dinwiddie-1']"
556,"['2002', 'bj-rhode-1']"
557,"['2002', 'michael-sanford-1']"
558,"['2002', 'timmy-chang-1']"
559,"['2002', 'shawn-withy-allen-1']"
560,"['2002', 'jason-whieldon-1']"
561,"['2002', 'paul-pinegar-1']"
562,"['2002', 'jeff-grady-1']"
563,"['2002', 'zack-threadgill-1']"
564,"['2002', 'jeff-rowe-1']"
565,"['2002', 'scott-rislov-1']"
566,"['2002', 'marcus-arroyo-1']"
567,"['2002', 'beau-pierce-1']"
568,"['2002', 'luke-mccown-1']"
569,"['2002', 'maxie-causey-1']"
570,"['2002', 'kyle-herm-1']"
571,"['2002', 'greg-henderson-1']"
572,"['2002', 'richard-bartel-1']"
573,"['2002', 'tate-wallis-1']"
574,"['2002', 'omar-duarte-1']"
575,"['2002', 'jon-schaper-1']"
576,"['2002', 'orlando-cruz-1']"
577,"['2002', 'tyler-gooch-1']"
578,"['2002', 'james-kilian-1']"
579,"['2003', 'chris-rix-1']"
580,"['2003', 'fabian-walker-1']"
581,"['2003', 'wyatt-sexton-1']"
582,"['2003', 'lorne-sam-1']"
583,"['2003', 'scott-mcbrien-1']"
584,"['2003', 'joel-statham-1']"
585,"['2003', 'orlando-evans-1']"
586,"['2003', 'charlie-whitehurst-1']"
587,"['2003', 'philip-rivers-1']"
588,"['2003', 'jay-davis-1']"
589,"['2003', 'matt-schaub-1']"
590,"['2003', 'anthony-martinez-2']"
591,"['2003', 'marques-hagans-1']"
592,"['2003', 'reggie-ball-1']"
593,"['2003', 'aj-suggs-1']"
594,"['2003', 'brian-camp-1']"
595,"['2003', 'cory-randolph-1']"
596,"['2003', 'zac-taylor-1']"
597,"['2003', 'mike-schneider-1']"
598,"['2003', 'adam-smith-1']"
599,"['2003', 'chris-dapolito-1']"
600,"['2003', 'darian-durant-1']"
601,"['2003', 'matt-baker-1']"
602,"['2003', 'cj-stephens-1']"
603,"['2003', 'ell-roberson-1']"
604,"['2003', 'jeff-schwinn-1']"
605,"['2003', 'dylan-meier-1']"
606,"['2003', 'jammal-lord-1']"
607,"['2003', 'brad-smith-1']"
608,"['2003', 'santino-riccio-1']"
609,"['2003', 'joel-klatt-1']"
610,"['2003', 'erik-greenberg-1']"
611,"['2003', 'james-cox-1']"
612,"['2003', 'bill-whittemore-1']"
613,"['2003', 'adam-barmann-1']"
614,"['2003', 'brian-luke-1']"
615,"['2003', 'john-nielsen-1']"
616,"['2003', 'waye-terry-1']"
617,"['2003', 'cris-love-1']"
618,"['2003', 'jason-white-1']"
619,"['2003', 'paul-thompson-1']"
620,"['2003', 'vince-young-1']"
621,"['2003', 'chance-mock-1']"
622,"['2003', 'matt-nordgren-1']"
623,"['2003', 'josh-fields-1']"
624,"['2003', 'jamie-beeghley-1']"
625,"['2003', 'bj-symons-1']"
626,"['2003', 'sonny-cumbie-1']"
627,"['2003', 'cody-hodges-1']"
628,"['2003', 'reggie-mcneal-1']"
629,"['2003', 'dustin-long-1']"
630,"['2003', 'ty-branyon-1']"
631,"['2003', 'aaron-karas-1']"
632,"['2003', 'shawn-bell-1']"
633,"['2003', 'brock-berlin-1']"
634,"['2003', 'derrick-crudup-1']"
635,"['2003', 'rasheed-marshall-1']"
636,"['2003', 'charles-hales-1']"
637,"['2003', 'rod-rutherford-1']"
638,"['2003', 'luke-getsy-1']"
639,"['2003', 'bryan-randall-1']"
640,"['2003', 'marcus-vick-1']"
641,"['2003', 'quinton-porter-1']"
642,"['2003', 'paul-peterson-1']"
643,"['2003', 'rj-anderson-1']"
644,"['2003', 'perry-patterson-1']"
645,"['2003', 'xzavier-gaines-1']"
646,"['2003', 'ryan-hart-1']"
647,"['2003', 'ted-trump-1']"
648,"['2003', 'mike-mcgann-1']"
649,"['2003', 'walter-washington-1']"
650,"['2003', 'john-navarre-1']"
651,"['2003', 'matt-gutierrez-1']"
652,"['2003', 'mike-kaselitz-1']"
653,"['2003', 'craig-krenzel-1']"
654,"['2003', 'scott-mcmullen-1']"
655,"['2003', 'justin-zwick-1']"
656,"['2003', 'troy-smith-1']"
657,"['2003', 'kyle-orton-1']"
658,"['2003', 'brandon-kirsch-1']"
659,"['2003', 'nathan-chandler-1']"
660,"['2003', 'drew-tate-1']"
661,"['2003', 'jason-manson-1']"
662,"['2003', 'asad-abdul-khaliq-1']"
663,"['2003', 'benji-kamrath-1']"
664,"['2003', 'bryan-cupito-1']"
665,"['2003', 'jeff-smoker-1']"
666,"['2003', 'damon-dowdell-1']"
667,"['2003', 'drew-stanton-1']"
668,"['2003', 'jim-sorgi-1']"
669,"['2003', 'matt-schabert-1']"
670,"['2003', 'john-stocco-1']"
671,"['2003', 'brett-basanez-1']"
672,"['2003', 'alexander-webb-1']"
673,"['2003', 'zack-mills-1']"
674,"['2003', 'michael-robinson-1']"
675,"['2003', 'chris-ganter-1']"
676,"['2003', 'graeme-mcfarland-1']"
677,"['2003', 'jon-beutjer-1']"
678,"['2003', 'dustin-ward-1']"
679,"['2003', 'chris-pazan-1']"
680,"['2003', 'tim-brasic-1']"
681,"['2003', 'dustin-almond-1']"
682,"['2003', 'micky-dangelo-1']"
683,"['2003', 'brandon-hassell-1']"
684,"['2003', 'tye-gunn-1']"
685,"['2003', 'kyle-kummer-1']"
686,"['2003', 'stefan-lefors-1']"
687,"['2003', 'justin-rascati-1']"
688,"['2003', 'danny-wimprine-1']"
689,"['2003', 'bobby-robison-1']"
690,"['2003', 'ronnie-banks-1']"
691,"['2003', 'kevin-kolb-1']"
692,"['2003', 'shang-moore-1']"
693,"['2003', 'darrell-hackney-1']"
694,"['2003', 'chris-williams-6']"
695,"['2003', 'curtis-falany-1']"
696,"['2003', 'jp-losman-1']"
697,"['2003', 'nick-cannon-1']"
698,"['2003', 'gino-guidugli-1']"
699,"['2003', 'collin-carey-1']"
700,"['2003', 'desmond-robinson-1']"
701,"['2003', 'james-pinkney-1']"
702,"['2003', 'paul-troth-1']"
703,"['2003', 'zac-dahman-1']"
704,"['2003', 'matt-silva-1']"
705,"['2003', 'reggie-nevels-1']"
706,"['2003', 'laron-bybee-1']"
707,"['2003', 'dan-orlovsky-1']"
708,"['2003', 'jermell-williams-1']"
709,"['2003', 'aaron-leak-1']"
710,"['2003', 'hansell-bearden-1']"
711,"['2003', 'franco-johnson-1']"
712,"['2003', 'josh-russell-1']"
713,"['2003', 'brady-quinn-1']"
714,"['2003', 'ben-roethlisberger-1']"
715,"['2003', 'josh-betts-1']"
716,"['2003', 'jd-vonderheide-1']"
717,"['2003', 'stan-hill-1']"
718,"['2003', 'graham-gochneaur-1']"
719,"['2003', 'jimmy-skinner-1']"
720,"['2003', 'charlie-frye-1']"
721,"['2003', 'micah-faler-1']"
722,"['2003', 'jonathan-gill-1']"
723,"['2003', 'joshua-cribbs-1']"
724,"['2003', 'darryl-polk-1']"
725,"['2003', 'ryan-schneider-1']"
726,"['2003', 'jon-rivera-1']"
727,"['2003', 'steven-moffett-1']"
728,"['2003', 'ryan-hawk-1']"
729,"['2003', 'fred-ray-1']"
730,"['2003', 'austen-everson-1']"
731,"['2003', 'pj-piskorik-1']"
732,"['2003', 'randall-secky-1']"
733,"['2003', 'stewart-sampsel-1']"
734,"['2003', 'josh-harris-2']"
735,"['2003', 'omar-jacobs-1']"
736,"['2003', 'will-myles-1']"
737,"['2003', 'ryan-gilbert-3']"
738,"['2003', 'bruce-gradkowski-1']"
739,"['2003', 'cedric-stevens-1']"
740,"['2003', 'chad-munson-1']"
741,"['2003', 'blayne-baggett-1']"
742,"['2003', 'talmadge-hill-1']"
743,"['2003', 'andy-roesch-1']"
744,"['2003', 'joey-lynch-1']"
745,"['2003', 'chinedu-okoro-1']"
746,"['2003', 'jeff-crooks-1']"
747,"['2003', 'derrick-vickers-1']"
748,"['2003', 'jeff-perry-1']"
749,"['2003', 'grant-arnoldink-1']"
750,"['2003', 'alex-smith-3']"
751,"['2003', 'brett-elliott-1']"
752,"['2003', 'lance-rice-1']"
753,"['2003', 'casey-kelly-1']"
754,"['2003', 'kole-mckamey-1']"
755,"['2003', 'tali-ena-1']"
756,"['2003', 'bradlee-van-pelt-1']"
757,"['2003', 'justin-holland-1']"
758,"['2003', 'joey-kearney-1']"
759,"['2003', 'chance-harridge-1']"
760,"['2003', 'adam-fitch-1']"
761,"['2003', 'travis-thurmond-1']"
762,"['2003', 'matt-dlugolecki-1']"
763,"['2003', 'adam-hall-1']"
764,"['2003', 'matt-berry-1']"
765,"['2003', 'john-beck-1']"
766,"['2003', 'todd-mortensen-1']"
767,"['2003', 'kurt-nantkes-1']"
768,"['2003', 'shane-steichen-1']"
769,"['2003', 'scott-turner-1']"
770,"['2003', 'casey-bramlet-1']"
771,"['2003', 'corey-bramlet-1']"
772,"['2003', 'matt-leinart-1']"
773,"['2003', 'john-david-booty-1']"
774,"['2003', 'matt-cassel-1']"
775,"['2003', 'brandon-hance-1']"
776,"['2003', 'matt-kegel-1']"
777,"['2003', 'josh-swogger-1']"
778,"['2003', 'kellen-clemens-1']"
779,"['2003', 'jason-fife-1']"
780,"['2003', 'aaron-rodgers-1']"
781,"['2003', 'reggie-robertson-1']"
782,"['2003', 'richard-schwartz-1']"
783,"['2003', 'derek-anderson-1']"
784,"['2003', 'adam-rothenfluh-1']"
785,"['2003', 'colt-charles-1']"
786,"['2003', 'cody-pickett-1']"
787,"['2003', 'casey-paus-1']"
788,"['2003', 'isaiah-stanback-1']"
789,"['2003', 'drew-olson-1']"
790,"['2003', 'matt-moore-1']"
791,"['2003', 'andrew-walter-1']"
792,"['2003', 'sam-keller-1']"
793,"['2003', 'chad-christensen-1']"
794,"['2003', 'chris-lewis-1']"
795,"['2003', 'trent-edwards-1']"
796,"['2003', 'kyle-matter-1']"
797,"['2003', 'kris-heavner-1']"
798,"['2003', 'ryan-ohara-1']"
799,"['2003', 'nic-costa-1']"
800,"['2003', 'david-greene-1']"
801,"['2003', 'dj-shockley-1']"
802,"['2003', 'joe-tereshinski-1']"
803,"['2003', 'casey-clausen-1']"
804,"['2003', 'james-banks-1']"
805,"['2003', 'cj-leak-1']"
806,"['2003', 'chris-leak-1']"
807,"['2003', 'ingle-martin-1']"
808,"['2003', 'gavin-dickey-1']"
809,"['2003', 'dondrial-pinkins-1']"
810,"['2003', 'bennett-swygert-1']"
811,"['2003', 'mike-rathe-1']"
812,"['2003', 'syvelle-newton-1']"
813,"['2003', 'jared-lorenzen-1']"
814,"['2003', 'shane-boyd-1']"
815,"['2003', 'jay-cutler-1']"
816,"['2003', 'benji-walker-1']"
817,"['2003', 'matt-mauck-1']"
818,"['2003', 'marcus-randall-1']"
819,"['2003', 'eli-manning-1']"
820,"['2003', 'micheal-spurlock-1']"
821,"['2003', 'jason-campbell-1']"
822,"['2003', 'josh-sullivan-1']"
823,"['2003', 'wesley-hill-1']"
824,"['2003', 'matt-jones-1']"
825,"['2003', 'ryan-sorahan-1']"
826,"['2003', 'rhett-lashlee-1']"
827,"['2003', 'dowell-loggains-1']"
828,"['2003', 'brodie-croyle-1']"
829,"['2003', 'spencer-pennington-1']"
830,"['2003', 'kevin-fant-1']"
831,"['2003', 'kyle-york-1']"
832,"['2003', 'aries-nelson-1']"
833,"['2003', 'omarr-conner-1']"
834,"['2003', 'scott-hall-1']"
835,"['2003', 'andrew-smith-3']"
836,"['2003', 'jerry-babb-1']"
837,"['2003', 'eric-rekieta-1']"
838,"['2003', 'matt-lane-1']"
839,"['2003', 'elliot-jacobs-1']"
840,"['2003', 'nick-noce-1']"
841,"['2003', 'mike-clark-2']"
842,"['2003', 'brian-hicks-1']"
843,"['2003', 'andrico-hines-1']"
844,"['2003', 'clint-marks-1']"
845,"['2003', 'josh-harris-1']"
846,"['2003', 'travis-cox-1']"
847,"['2003', 'bryan-black-1']"
848,"['2003', 'matt-crivello-1']"
849,"['2003', 'brian-lindgren-1']"
850,"['2003', 'michael-harrington-1']"
851,"['2003', 'buck-pierce-1']"
852,"['2003', 'joey-vincent-1']"
853,"['2003', 'carl-scaffidi-1']"
854,"['2003', 'steven-jyles-1']"
855,"['2003', 'daniel-daprato-1']"
856,"['2003', 'ryan-dinwiddie-1']"
857,"['2003', 'jared-zabransky-1']"
858,"['2003', 'michael-sanford-1']"
859,"['2003', 'paul-pinegar-1']"
860,"['2003', 'jeff-grady-1']"
861,"['2003', 'james-kilian-1']"
862,"['2003', 'paul-smith-2']"
863,"['2003', 'timmy-chang-1']"
864,"['2003', 'jason-whieldon-1']"
865,"['2003', 'kainoa-akina-1']"
866,"['2003', 'jeffrey-rhode-1']"
867,"['2003', 'kyle-herm-1']"
868,"['2003', 'greg-henderson-1']"
869,"['2003', 'andy-heiser-1']"
870,"['2003', 'jeff-rowe-1']"
871,"['2003', 'travis-moore-1']"
872,"['2003', 'luke-mccown-1']"
873,"['2003', 'maxie-causey-1']"
874,"['2003', 'scott-rislov-1']"
875,"['2003', 'beau-pierce-1']"
876,"['2003', 'dale-rogers-1']"
877,"['2003', 'orlando-cruz-1']"
878,"['2003', 'jordan-palmer-1']"
879,"['2003', 'omar-duarte-1']"
880,"['2003', 'richard-bartel-1']"
881,"['2003', 'tate-wallis-1']"
882,"['2003', 'chris-phillips-2']"
883,"['2004', 'bryan-randall-1']"
884,"['2004', 'sean-glennon-1']"
885,"['2004', 'wyatt-sexton-1']"
886,"['2004', 'chris-rix-1']"
887,"['2004', 'drew-weatherford-1']"
888,"['2004', 'lorne-sam-1']"
889,"['2004', 'brock-berlin-1']"
890,"['2004', 'derrick-crudup-1']"
891,"['2004', 'kyle-wright-1']"
892,"['2004', 'marques-hagans-1']"
893,"['2004', 'christian-olsen-1']"
894,"['2004', 'kevin-mccabe-1']"
895,"['2004', 'darian-durant-1']"
896,"['2004', 'matt-baker-1']"
897,"['2004', 'jared-hall-1']"
898,"['2004', 'charlie-whitehurst-1']"
899,"['2004', 'will-proctor-1']"
900,"['2004', 'reggie-ball-1']"
901,"['2004', 'patrick-carter-1']"
902,"['2004', 'joel-statham-1']"
903,"['2004', 'sam-hollenbach-1']"
904,"['2004', 'jordan-steffy-1']"
905,"['2004', 'ryan-mitch-1']"
906,"['2004', 'jay-davis-1']"
907,"['2004', 'cory-randolph-1']"
908,"['2004', 'ben-mauk-1']"
909,"['2004', 'mike-schneider-1']"
910,"['2004', 'chris-dapolito-1']"
911,"['2004', 'curt-dukes-1']"
912,"['2004', 'joel-klatt-1']"
913,"['2004', 'james-cox-1']"
914,"['2004', 'bernard-jackson-1']"
915,"['2004', 'brian-white-2']"
916,"['2004', 'bret-meyer-1']"
917,"['2004', 'cris-love-1']"
918,"['2004', 'brad-smith-1']"
919,"['2004', 'brandon-coleman-1']"
920,"['2004', 'beau-davis-1']"
921,"['2004', 'ryan-goodman-1']"
922,"['2004', 'adam-barmann-1']"
923,"['2004', 'brian-luke-1']"
924,"['2004', 'john-nielsen-1']"
925,"['2004', 'jason-swanson-1']"
926,"['2004', 'dylan-meier-1']"
927,"['2004', 'allen-webb-1']"
928,"['2004', 'jason-white-1']"
929,"['2004', 'tommy-grady-1']"
930,"['2004', 'vince-young-1']"
931,"['2004', 'chance-mock-1']"
932,"['2004', 'matt-nordgren-1']"
933,"['2004', 'sonny-cumbie-1']"
934,"['2004', 'cody-hodges-1']"
935,"['2004', 'reggie-mcneal-1']"
936,"['2004', 'ty-branyon-1']"
937,"['2004', 'al-pena-1']"
938,"['2004', 'dane-king-1']"
939,"['2004', 'shawn-bell-1']"
940,"['2004', 'paul-peterson-1']"
941,"['2004', 'matt-ryan-1']"
942,"['2004', 'tyler-palko-1']"
943,"['2004', 'joe-flacco-1']"
944,"['2004', 'rasheed-marshall-1']"
945,"['2004', 'charles-hales-1']"
946,"['2004', 'adam-bednarik-1']"
947,"['2004', 'perry-patterson-1']"
948,"['2004', 'xzavier-gaines-1']"
949,"['2004', 'dan-orlovsky-1']"
950,"['2004', 'matt-bonislawski-1']"
951,"['2004', 'ryan-hart-1']"
952,"['2004', 'terrence-shawell-1']"
953,"['2004', 'walter-washington-1']"
954,"['2004', 'mike-mcgann-1']"
955,"['2004', 'drew-tate-1']"
956,"['2004', 'chad-henne-1']"
957,"['2004', 'clayton-richard-1']"
958,"['2004', 'spencer-brinton-1']"
959,"['2004', 'john-stocco-1']"
960,"['2004', 'tyler-donovan-1']"
961,"['2004', 'brett-basanez-1']"
962,"['2004', 'justin-zwick-1']"
963,"['2004', 'troy-smith-1']"
964,"['2004', 'kyle-orton-1']"
965,"['2004', 'brandon-kirsch-1']"
966,"['2004', 'drew-stanton-1']"
967,"['2004', 'damon-dowdell-1']"
968,"['2004', 'stephen-reaves-1']"
969,"['2004', 'bryan-cupito-1']"
970,"['2004', 'adam-ernst-1']"
971,"['2004', 'tony-mortensen-1']"
972,"['2004', 'zack-mills-1']"
973,"['2004', 'michael-robinson-1']"
974,"['2004', 'chris-ganter-1']"
975,"['2004', 'anthony-morelli-1']"
976,"['2004', 'jon-beutjer-1']"
977,"['2004', 'brad-bower-1']"
978,"['2004', 'chris-pazan-1']"
979,"['2004', 'blake-powers-1']"
980,"['2004', 'stefan-lefors-1']"
981,"['2004', 'brian-brohm-1']"
982,"['2004', 'danny-wimprine-1']"
983,"['2004', 'bobby-robison-1']"
984,"['2004', 'gino-guidugli-1']"
985,"['2004', 'collin-carey-1']"
986,"['2004', 'dustin-almond-1']"
987,"['2004', 'jeremy-young-1']"
988,"['2004', 'darrell-hackney-1']"
989,"['2004', 'curtis-falany-1']"
990,"['2004', 'brandon-hassell-1']"
991,"['2004', 'tye-gunn-1']"
992,"['2004', 'kyle-kummer-1']"
993,"['2004', 'jeff-ballard-1']"
994,"['2004', 'lester-ricard-1']"
995,"['2004', 'richard-irvin-1']"
996,"['2004', 'pat-julmiste-1']"
997,"['2004', 'ronnie-banks-1']"
998,"['2004', 'kevin-kolb-1']"
999,"['2004', 'kendal-briles-1']"
1000,"['2004', 'zac-dahman-1']"
1001,"['2004', 'reggie-nevels-1']"
1002,"['2004', 'matt-silva-1']"
1003,"['2004', 'james-pinkney-1']"
1004,"['2004', 'desmond-robinson-1']"
1005,"['2004', 'aaron-polanco-1']"
1006,"['2004', 'lamar-owens-2']"
1007,"['2004', 'billy-meraz-1']"
1008,"['2004', 'brady-quinn-1']"
1009,"['2004', 'pat-dillingham-1']"
1010,"['2004', 'josh-betts-1']"
1011,"['2004', 'mike-kokal-1']"
1012,"['2004', 'charlie-frye-1']"
1013,"['2004', 'stan-hill-1']"
1014,"['2004', 'graham-gochneaur-1']"
1015,"['2004', 'jimmy-skinner-1']"
1016,"['2004', 'bernard-morris-1']"
1017,"['2004', 'joshua-cribbs-1']"
1018,"['2004', 'darryl-polk-1']"
1019,"['2004', 'ryan-hawk-1']"
1020,"['2004', 'austen-everson-1']"
1021,"['2004', 'pj-piskorik-1']"
1022,"['2004', 'randall-secky-1']"
1023,"['2004', 'datwan-hemingway-1']"
1024,"['2004', 'chris-moore-2']"
1025,"['2004', 'steven-moffett-1']"
1026,"['2004', 'brandon-sumner-1']"
1027,"['2004', 'kyle-israel-1']"
1028,"['2004', 'bruce-gradkowski-1']"
1029,"['2004', 'marques-council-1']"
1030,"['2004', 'phil-horvath-1']"
1031,"['2004', 'zach-ullrich-1']"
1032,"['2004', 'omar-jacobs-1']"
1033,"['2004', 'jason-washington-1']"
1034,"['2004', 'van-johnson-1']"
1035,"['2004', 'matt-bohnet-1']"
1036,"['2004', 'jeff-crooks-1']"
1037,"['2004', 'kent-smith-1']"
1038,"['2004', 'grant-arnoldink-1']"
1039,"['2004', 'nick-gildersleeve-1']"
1040,"['2004', 'cole-stinson-1']"
1041,"['2004', 'joey-lynch-1']"
1042,"['2004', 'casey-gillin-1']"
1043,"['2004', 'ryan-cubit-1']"
1044,"['2004', 'blayne-baggett-1']"
1045,"['2004', 'robbie-haas-1']"
1046,"['2004', 'alex-smith-3']"
1047,"['2004', 'brian-johnson-2']"
1048,"['2004', 'brigham-au-1']"
1049,"['2004', 'adam-madsen-1']"
1050,"['2004', 'kole-mckamey-1']"
1051,"['2004', 'tali-ena-1']"
1052,"['2004', 'john-beck-1']"
1053,"['2004', 'jason-beck-1']"
1054,"['2004', 'matt-berry-1']"
1055,"['2004', 'jackson-brown-1']"
1056,"['2004', 'corey-bramlet-1']"
1057,"['2004', 'jj-raterink-1']"
1058,"['2004', 'jacob-doss-1']"
1059,"['2004', 'shaun-carney-1']"
1060,"['2004', 'adam-fitch-1']"
1061,"['2004', 'justin-holland-1']"
1062,"['2004', 'caleb-hanie-1']"
1063,"['2004', 'joey-kearney-1']"
1064,"['2004', 'casey-hansen-1']"
1065,"['2004', 'kevin-oconnell-2']"
1066,"['2004', 'matt-dlugolecki-1']"
1067,"['2004', 'shane-steichen-1']"
1068,"['2004', 'kurt-nantkes-1']"
1069,"['2004', 'scott-turner-1']"
1070,"['2004', 'matt-leinart-1']"
1071,"['2004', 'matt-cassel-1']"
1072,"['2004', 'brandon-hance-1']"
1073,"['2004', 'aaron-rodgers-1']"
1074,"['2004', 'reggie-robertson-1']"
1075,"['2004', 'steve-levy-1']"
1076,"['2004', 'andrew-walter-1']"
1077,"['2004', 'sam-keller-1']"
1078,"['2004', 'chad-christensen-1']"
1079,"['2004', 'derek-anderson-1']"
1080,"['2004', 'ryan-gunderson-1']"
1081,"['2004', 'colt-charles-1']"
1082,"['2004', 'drew-olson-1']"
1083,"['2004', 'david-koral-1']"
1084,"['2004', 'kellen-clemens-1']"
1085,"['2004', 'dennis-dixon-1']"
1086,"['2004', 'alex-brink-1']"
1087,"['2004', 'josh-swogger-1']"
1088,"['2004', 'trent-edwards-1']"
1089,"['2004', 'tc-ostrander-1']"
1090,"['2004', 'ryan-eklund-1']"
1091,"['2004', 'kyle-matter-1']"
1092,"['2004', 'richard-kovalcheck-1']"
1093,"['2004', 'kris-heavner-1']"
1094,"['2004', 'nic-costa-1']"
1095,"['2004', 'casey-paus-1']"
1096,"['2004', 'isaiah-stanback-1']"
1097,"['2004', 'carl-bonnell-1']"
1098,"['2004', 'erik-ainge-1']"
1099,"['2004', 'rick-clausen-1']"
1100,"['2004', 'david-greene-1']"
1101,"['2004', 'dj-shockley-1']"
1102,"['2004', 'tommy-wilson-1']"
1103,"['2004', 'joe-tereshinski-1']"
1104,"['2004', 'chris-leak-1']"
1105,"['2004', 'gavin-dickey-1']"
1106,"['2004', 'dondrial-pinkins-1']"
1107,"['2004', 'syvelle-newton-1']"
1108,"['2004', 'blake-mitchell-1']"
1109,"['2004', 'mike-rathe-1']"
1110,"['2004', 'shane-boyd-1']"
1111,"['2004', 'andre-woodson-1']"
1112,"['2004', 'jay-cutler-1']"
1113,"['2004', 'jason-campbell-1']"
1114,"['2004', 'brandon-cox-1']"
1115,"['2004', 'marcus-randall-1']"
1116,"['2004', 'jamarcus-russell-1']"
1117,"['2004', 'matt-flynn-1']"
1118,"['2004', 'spencer-pennington-1']"
1119,"['2004', 'brodie-croyle-1']"
1120,"['2004', 'marc-guillon-1']"
1121,"['2004', 'matt-jones-1']"
1122,"['2004', 'robert-johnson-1']"
1123,"['2004', 'ethan-flatt-1']"
1124,"['2004', 'micheal-spurlock-1']"
1125,"['2004', 'omarr-conner-1']"
1126,"['2004', 'kyle-york-1']"
1127,"['2004', 'michael-henig-1']"
1128,"['2004', 'scott-hall-1']"
1129,"['2004', 'joey-byerly-1']"
1130,"['2004', 'aaron-leak-1']"
1131,"['2004', 'dt-mcdowell-1']"
1132,"['2004', 'carl-meadows-1']"
1133,"['2004', 'buck-pierce-1']"
1134,"['2004', 'joey-vincent-1']"
1135,"['2004', 'steven-jyles-1']"
1136,"['2004', 'jared-allen-1']"
1137,"['2004', 'danny-embick-1']"
1138,"['2004', 'dane-hansen-1']"
1139,"['2004', 'mckinson-souverain-1']"
1140,"['2004', 'clint-marks-1']"
1141,"['2004', 'josh-harris-1']"
1142,"['2004', 'sam-hunt-1']"
1143,"['2004', 'nick-noce-1']"
1144,"['2004', 'devin-hollins-1']"
1145,"['2004', 'jerry-babb-1']"
1146,"['2004', 'luke-sniewski-1']"
1147,"['2004', 'matt-lane-1']"
1148,"['2004', 'michael-harrington-1']"
1149,"['2004', 'brian-nooy-1']"
1150,"['2004', 'travis-cox-1']"
1151,"['2004', 'leon-jackson-iii-1']"
1152,"['2004', 'matt-crivello-1']"
1153,"['2004', 'jared-zabransky-1']"
1154,"['2004', 'michael-sanford-1']"
1155,"['2004', 'jordan-palmer-1']"
1156,"['2004', 'omar-duarte-1']"
1157,"['2004', 'orlando-cruz-1']"
1158,"['2004', 'joe-castro-1']"
1159,"['2004', 'paul-pinegar-1']"
1160,"['2004', 'jordan-christensen-1']"
1161,"['2004', 'matt-kubik-1']"
1162,"['2004', 'donald-allen-1']"
1163,"['2004', 'zac-champion-1']"
1164,"['2004', 'timmy-chang-1']"
1165,"['2004', 'kainoa-akina-1']"
1166,"['2004', 'jack-rolovich-1']"
1167,"['2004', 'brandon-satcher-1']"
1168,"['2004', 'jeffrey-rhode-1']"
1169,"['2004', 'jeff-rowe-1']"
1170,"['2004', 'travis-moore-1']"
1171,"['2004', 'andy-heiser-1']"
1172,"['2004', 'james-kilian-1']"
1173,"['2004', 'jake-hammond-1']"
1174,"['2004', 'tony-eckert-1']"
1175,"['2004', 'jerad-romo-1']"
1176,"['2004', 'chris-phillips-2']"
1177,"['2004', 'ashton-nixon-1']"
1178,"['2004', 'greg-henderson-1']"
1179,"['2004', 'dale-rogers-1']"
1180,"['2004', 'adam-tafralis-1']"
1181,"['2004', 'beau-pierce-1']"
1182,"['2005', 'drew-weatherford-1']"
1183,"['2005', 'xavier-lee-1']"
1184,"['2005', 'fabian-walker-1']"
1185,"['2005', 'matt-ryan-1']"
1186,"['2005', 'quinton-porter-1']"
1187,"['2005', 'chris-crane-1']"
1188,"['2005', 'karim-el-nokali-1']"
1189,"['2005', 'charlie-whitehurst-1']"
1190,"['2005', 'will-proctor-1']"
1191,"['2005', 'cullen-harper-1']"
1192,"['2005', 'jay-davis-1']"
1193,"['2005', 'daniel-evans-1']"
1194,"['2005', 'sam-hollenbach-1']"
1195,"['2005', 'joel-statham-1']"
1196,"['2005', 'ben-mauk-1']"
1197,"['2005', 'cory-randolph-1']"
1198,"['2005', 'allan-holland-1']"
1199,"['2005', 'marcus-vick-1']"
1200,"['2005', 'cory-holt-1']"
1201,"['2005', 'kyle-wright-1']"
1202,"['2005', 'kirby-freeman-1']"
1203,"['2005', 'reggie-ball-1']"
1204,"['2005', 'taylor-bennett-1']"
1205,"['2005', 'matt-baker-1']"
1206,"['2005', 'marques-hagans-1']"
1207,"['2005', 'christian-olsen-1']"
1208,"['2005', 'kevin-mccabe-1']"
1209,"['2005', 'zack-asack-1']"
1210,"['2005', 'mike-schneider-1']"
1211,"['2005', 'curt-dukes-1']"
1212,"['2005', 'joel-klatt-1']"
1213,"['2005', 'james-cox-1']"
1214,"['2005', 'brian-white-2']"
1215,"['2005', 'bernard-jackson-1']"
1216,"['2005', 'zac-taylor-1']"
1217,"['2005', 'harrison-beck-1']"
1218,"['2005', 'bret-meyer-1']"
1219,"['2005', 'brad-smith-1']"
1220,"['2005', 'chase-daniel-1']"
1221,"['2005', 'brandon-coleman-1']"
1222,"['2005', 'jason-swanson-1']"
1223,"['2005', 'brian-luke-1']"
1224,"['2005', 'adam-barmann-1']"
1225,"['2005', 'allan-evridge-1']"
1226,"['2005', 'allen-webb-1']"
1227,"['2005', 'dylan-meier-1']"
1228,"['2005', 'vince-young-1']"
1229,"['2005', 'matt-nordgren-1']"
1230,"['2005', 'cody-hodges-1']"
1231,"['2005', 'graham-harrell-1']"
1232,"['2005', 'ryan-rowland-1']"
1233,"['2005', 'rhett-bomar-1']"
1234,"['2005', 'paul-thompson-1']"
1235,"['2005', 'reggie-mcneal-1']"
1236,"['2005', 'stephen-mcgee-1']"
1237,"['2005', 'ty-branyon-1']"
1238,"['2005', 'shawn-bell-1']"
1239,"['2005', 'bobby-reid-1']"
1240,"['2005', 'al-pena-1']"
1241,"['2005', 'pat-white-1']"
1242,"['2005', 'adam-bednarik-1']"
1243,"['2005', 'jr-house-1']"
1244,"['2005', 'brian-brohm-1']"
1245,"['2005', 'hunter-cantwell-1']"
1246,"['2005', 'ryan-hart-1']"
1247,"['2005', 'mike-teel-1']"
1248,"['2005', 'pat-julmiste-1']"
1249,"['2005', 'carlton-hill-1']"
1250,"['2005', 'anthony-severino-1']"
1251,"['2005', 'tyler-palko-1']"
1252,"['2005', 'bill-stull-1']"
1253,"['2005', 'matt-bonislawski-1']"
1254,"['2005', 'dennis-brown-1']"
1255,"['2005', 'shane-fogarty-1']"
1256,"['2005', 'peder-von-harten-1']"
1257,"['2005', 'dustin-grutza-1']"
1258,"['2005', 'nick-davila-1']"
1259,"['2005', 'perry-patterson-1']"
1260,"['2005', 'matt-hale-1']"
1261,"['2005', 'michael-robinson-1']"
1262,"['2005', 'anthony-morelli-1']"
1263,"['2005', 'troy-smith-1']"
1264,"['2005', 'justin-zwick-1']"
1265,"['2005', 'todd-boeckman-1']"
1266,"['2005', 'john-stocco-1']"
1267,"['2005', 'tyler-donovan-1']"
1268,"['2005', 'drew-tate-1']"
1269,"['2005', 'jason-manson-1']"
1270,"['2005', 'cy-phillips-1']"
1271,"['2005', 'chad-henne-1']"
1272,"['2005', 'matt-gutierrez-1']"
1273,"['2005', 'jeff-kastl-1']"
1274,"['2005', 'brett-basanez-1']"
1275,"['2005', 'cj-bacher-1']"
1276,"['2005', 'bryan-cupito-1']"
1277,"['2005', 'tony-mortensen-1']"
1278,"['2005', 'mike-maciejowski-1']"
1279,"['2005', 'brandon-kirsch-1']"
1280,"['2005', 'curtis-painter-1']"
1281,"['2005', 'drew-stanton-1']"
1282,"['2005', 'brian-hoyer-1']"
1283,"['2005', 'domenic-natale-1']"
1284,"['2005', 'm-pruchnicki-1']"
1285,"['2005', 'blake-powers-1']"
1286,"['2005', 'graeme-mcfarland-1']"
1287,"['2005', 'tim-brasic-1']"
1288,"['2005', 'chris-pazan-1']"
1289,"['2005', 'steven-moffett-1']"
1290,"['2005', 'kyle-israel-1']"
1291,"['2005', 'will-hudgens-1']"
1292,"['2005', 'patrick-byrne-1']"
1293,"['2005', 'dustin-almond-1']"
1294,"['2005', 'jeremy-young-1']"
1295,"['2005', 'james-pinkney-1']"
1296,"['2005', 'darrell-hackney-1']"
1297,"['2005', 'chris-williams-6']"
1298,"['2005', 'bernard-morris-1']"
1299,"['2005', 'jimmy-skinner-1']"
1300,"['2005', 'derek-devine-1']"
1301,"['2005', 'paul-smith-2']"
1302,"['2005', 'david-johnson-3']"
1303,"['2005', 'jordan-palmer-1']"
1304,"['2005', 'orlando-cruz-1']"
1305,"['2005', 'kevin-kolb-1']"
1306,"['2005', 'kendal-briles-1']"
1307,"['2005', 'jerad-romo-1']"
1308,"['2005', 'tony-eckert-1']"
1309,"['2005', 'lester-ricard-1']"
1310,"['2005', 'scott-elliott-1']"
1311,"['2005', 'nick-cannon-1']"
1312,"['2005', 'chase-clement-2']"
1313,"['2005', 'brady-quinn-1']"
1314,"['2005', 'david-wolke-1']"
1315,"['2005', 'marty-mooney-1']"
1316,"['2005', 'lamar-owens-2']"
1317,"['2005', 'brian-hampton-1']"
1318,"['2005', 'jarrod-bryant-1']"
1319,"['2005', 'troy-goss-1']"
1320,"['2005', 'joe-taylor-1']"
1321,"['2005', 'kaipo-noa-kaheaku-enhada-1']"
1322,"['2005', 'zac-dahman-1']"
1323,"['2005', 'david-pevoto-1']"
1324,"['2005', 'connor-crehan-1']"
1325,"['2005', 'mike-mcgann-1']"
1326,"['2005', 'joe-desanzo-1']"
1327,"['2005', 'colin-clancy-1']"
1328,"['2005', 'shane-kelly-1']"
1329,"['2005', 'luke-getsy-1']"
1330,"['2005', 'john-ferguson-1']"
1331,"['2005', 'josh-betts-1']"
1332,"['2005', 'mike-kokal-1']"
1333,"['2005', 'omar-jacobs-1']"
1334,"['2005', 'anthony-turner-1']"
1335,"['2005', 'van-johnson-1']"
1336,"['2005', 'peter-winovich-1']"
1337,"['2005', 'austen-everson-1']"
1338,"['2005', 'brandon-jones-2']"
1339,"['2005', 'mark-petruziello-1']"
1340,"['2005', 'drew-willy-1']"
1341,"['2005', 'stewart-sampsel-1']"
1342,"['2005', 'tony-paoli-1']"
1343,"['2005', 'michael-machen-1']"
1344,"['2005', 'jon-brown-1']"
1345,"['2005', 'bruce-gradkowski-1']"
1346,"['2005', 'clint-cochran-1']"
1347,"['2005', 'phil-horvath-1']"
1348,"['2005', 'dan-nicholson-1']"
1349,"['2005', 'tim-hiller-1']"
1350,"['2005', 'robbie-haas-1']"
1351,"['2005', 'ryan-cubit-1']"
1352,"['2005', 'dennis-reedy-1']"
1353,"['2005', 'kent-smith-1']"
1354,"['2005', 'brian-brunner-1']"
1355,"['2005', 'joey-lynch-1']"
1356,"['2005', 'cole-stinson-1']"
1357,"['2005', 'tanner-justice-1']"
1358,"['2005', 'matt-bohnet-1']"
1359,"['2005', 'tyler-jones-1']"
1360,"['2005', 'blake-smith-2']"
1361,"['2005', 'jeff-ballard-1']"
1362,"['2005', 'tye-gunn-1']"
1363,"['2005', 'chad-huffman-1']"
1364,"['2005', 'kyle-kummer-1']"
1365,"['2005', 'john-beck-1']"
1366,"['2005', 'matt-berry-1']"
1367,"['2005', 'justin-holland-1']"
1368,"['2005', 'caleb-hanie-1']"
1369,"['2005', 'kole-mckamey-1']"
1370,"['2005', 'chris-nelson-1']"
1371,"['2005', 'bryan-clampitt-1']"
1372,"['2005', 'brian-johnson-2']"
1373,"['2005', 'brett-ratliff-1']"
1374,"['2005', 'kevin-oconnell-2']"
1375,"['2005', 'matt-dlugolecki-1']"
1376,"['2005', 'shaun-carney-1']"
1377,"['2005', 'adam-fitch-1']"
1378,"['2005', 'lucas-ewing-1']"
1379,"['2005', 'corey-bramlet-1']"
1380,"['2005', 'jacob-doss-1']"
1381,"['2005', 'jarrod-jackson-1']"
1382,"['2005', 'shane-steichen-1']"
1383,"['2005', 'matt-leinart-1']"
1384,"['2005', 'john-david-booty-1']"
1385,"['2005', 'michael-mcdonald-1']"
1386,"['2005', 'kellen-clemens-1']"
1387,"['2005', 'dennis-dixon-1']"
1388,"['2005', 'brady-leaf-1']"
1389,"['2005', 'kyle-bennett-1']"
1390,"['2005', 'drew-olson-1']"
1391,"['2005', 'david-koral-1']"
1392,"['2005', 'ben-olson-1']"
1393,"['2005', 'joe-ayoob-1']"
1394,"['2005', 'steve-levy-1']"
1395,"['2005', 'nate-longshore-1']"
1396,"['2005', 'sam-keller-1']"
1397,"['2005', 'rudy-carpenter-1']"
1398,"['2005', 'chad-christensen-1']"
1399,"['2005', 'trent-edwards-1']"
1400,"['2005', 'tc-ostrander-1']"
1401,"['2005', 'willie-tuitama-1']"
1402,"['2005', 'richard-kovalcheck-1']"
1403,"['2005', 'adam-austin-1']"
1404,"['2005', 'alex-brink-1']"
1405,"['2005', 'josh-swogger-1']"
1406,"['2005', 'gary-rogers-1']"
1407,"['2005', 'isaiah-stanback-1']"
1408,"['2005', 'johnny-durocher-1']"
1409,"['2005', 'casey-paus-1']"
1410,"['2005', 'dj-shockley-1']"
1411,"['2005', 'joe-tereshinski-1']"
1412,"['2005', 'blake-barnes-1']"
1413,"['2005', 'chris-leak-1']"
1414,"['2005', 'josh-portis-1']"
1415,"['2005', 'gavin-dickey-1']"
1416,"['2005', 'blake-mitchell-1']"
1417,"['2005', 'syvelle-newton-1']"
1418,"['2005', 'rick-clausen-1']"
1419,"['2005', 'erik-ainge-1']"
1420,"['2005', 'jay-cutler-1']"
1421,"['2005', 'chris-nickson-1']"
1422,"['2005', 'andre-woodson-1']"
1423,"['2005', 'curtis-pulley-1']"
1424,"['2005', 'joe-joe-brown-1']"
1425,"['2005', 'jamarcus-russell-1']"
1426,"['2005', 'matt-flynn-1']"
1427,"['2005', 'brandon-cox-1']"
1428,"['2005', 'blake-field-1']"
1429,"['2005', 'brodie-croyle-1']"
1430,"['2005', 'john-parker-wilson-1']"
1431,"['2005', 'robert-johnson-1']"
1432,"['2005', 'casey-dick-1']"
1433,"['2005', 'alex-mortensen-1']"
1434,"['2005', 'omarr-conner-1']"
1435,"['2005', 'michael-henig-1']"
1436,"['2005', 'brett-morgan-1']"
1437,"['2005', 'micheal-spurlock-1']"
1438,"['2005', 'ethan-flatt-1']"
1439,"['2005', 'nick-noce-1']"
1440,"['2005', 'devin-hollins-1']"
1441,"['2005', 'travis-hewitt-1']"
1442,"['2005', 'jerry-babb-1']"
1443,"['2005', 'michael-desormeaux-1']"
1444,"['2005', 'steven-jyles-1']"
1445,"['2005', 'kinsmon-lancaster-1']"
1446,"['2005', 'josh-padrick-1']"
1447,"['2005', 'tavares-kendrick-1']"
1448,"['2005', 'clint-marks-1']"
1449,"['2005', 'josh-harris-1']"
1450,"['2005', 'carl-meadows-1']"
1451,"['2005', 'julian-foster-1']"
1452,"['2005', 'larry-dockery-1']"
1453,"['2005', 'danny-embick-1']"
1454,"['2005', 'sean-clayton-1']"
1455,"['2005', 'mckinson-souverain-1']"
1456,"['2005', 'daniel-meager-1']"
1457,"['2005', 'matt-phillips-1']"
1458,"['2005', 'steve-warren-1']"
1459,"['2005', 'jeff-rowe-1']"
1460,"['2005', 'travis-moore-1']"
1461,"['2005', 'jared-zabransky-1']"
1462,"['2005', 'taylor-tharp-1']"
1463,"['2005', 'bush-hamdan-1']"
1464,"['2005', 'paul-pinegar-1']"
1465,"['2005', 'tom-brandstater-1']"
1466,"['2005', 'jordan-christensen-1']"
1467,"['2005', 'matt-kubik-1']"
1468,"['2005', 'donald-allen-1']"
1469,"['2005', 'zac-champion-1']"
1470,"['2005', 'colt-brennan-1']"
1471,"['2005', 'tyler-graunke-1']"
1472,"['2005', 'jeffrey-rhode-1']"
1473,"['2005', 'adam-tafralis-1']"
1474,"['2005', 'chad-bozzo-1']"
1475,"['2005', 'jp-greco-1']"
1476,"['2005', 'kevin-brown-4']"
1477,"['2005', 'leon-jackson-iii-1']"
1478,"['2005', 'jerod-walker-1']"
1479,"['2005', 'bryan-black-1']"
1480,"['2005', 'steven-wichman-1']"
1481,"['2005', 'michael-harrington-1']"
1482,"['2005', 'royal-gill-1']"
1483,"['2005', 'joey-vincent-1']"
